-- --------------------------------------------------------
-- Host:                         127.0.0.1
-- Server version:               5.7.33 - MySQL Community Server (GPL)
-- Server OS:                    Win64
-- HeidiSQL Version:             11.2.0.6213
-- --------------------------------------------------------

/*!40101 SET @OLD_CHARACTER_SET_CLIENT=@@CHARACTER_SET_CLIENT */;
/*!40101 SET NAMES utf8 */;
/*!50503 SET NAMES utf8mb4 */;
/*!40014 SET @OLD_FOREIGN_KEY_CHECKS=@@FOREIGN_KEY_CHECKS, FOREIGN_KEY_CHECKS=0 */;
/*!40101 SET @OLD_SQL_MODE=@@SQL_MODE, SQL_MODE='NO_AUTO_VALUE_ON_ZERO' */;
/*!40111 SET @OLD_SQL_NOTES=@@SQL_NOTES, SQL_NOTES=0 */;

-- Dumping data for table praktikum_presensi.bagian: ~3 rows (approximately)
/*!40000 ALTER TABLE `bagian` DISABLE KEYS */;
INSERT INTO `bagian` (`id`, `nama_bagian`, `karyawan_id`, `lokasi_id`) VALUES
	(1, 'Autentikasi', 5, 1),
	(2, 'Data Science', 3, 1),
	(3, 'Backend Developer', 6, 2);
/*!40000 ALTER TABLE `bagian` ENABLE KEYS */;

-- Dumping data for table praktikum_presensi.bagian_karyawan: ~6 rows (approximately)
/*!40000 ALTER TABLE `bagian_karyawan` DISABLE KEYS */;
INSERT INTO `bagian_karyawan` (`id`, `bagian_id`, `karyawan_id`, `tanggal_mulai`) VALUES
	(1, 1, 5, '2018-03-03'),
	(2, 2, 3, '2018-04-01'),
	(3, 3, 6, '2018-04-04'),
	(4, 1, 4, '2018-03-03'),
	(5, 2, 7, '2018-04-01'),
	(6, 3, 8, '2018-04-04');
/*!40000 ALTER TABLE `bagian_karyawan` ENABLE KEYS */;

-- Dumping data for table praktikum_presensi.jabatan: ~10 rows (approximately)
/*!40000 ALTER TABLE `jabatan` DISABLE KEYS */;
INSERT INTO `jabatan` (`id`, `nama_jabatan`, `gapok_jabatan`, `tunjangan_jabatan`, `uang_makan_perhari`) VALUES
	(1, 'System Analyst', 2400000, 500000, 40000),
	(2, 'Project Manager', 2300000, 450000, 38000),
	(3, 'Senior Programmer', 2200000, 400000, 36000),
	(4, 'Junior Programmer', 2100000, 350000, 34000),
	(5, 'Intern', 1000000, 100000, 20000),
	(6, 'System Analyst', 2400000, 500000, 40000),
	(7, 'Project Manager', 2300000, 450000, 38000),
	(8, 'Senior Programmer', 2200000, 400000, 36000),
	(9, 'Junior Programmer', 2100000, 350000, 34000),
	(10, 'Intern', 1000000, 100000, 20000);
/*!40000 ALTER TABLE `jabatan` ENABLE KEYS */;

-- Dumping data for table praktikum_presensi.jabatan_karyawan: ~17 rows (approximately)
/*!40000 ALTER TABLE `jabatan_karyawan` DISABLE KEYS */;
INSERT INTO `jabatan_karyawan` (`id`, `jabatan_id`, `karyawan_id`, `tanggal_mulai`) VALUES
	(1, 5, 3, '2013-03-03'),
	(2, 4, 3, '2014-04-01'),
	(3, 5, 4, '2014-04-04'),
	(4, 3, 3, '2015-05-04'),
	(5, 4, 4, '2015-05-05'),
	(6, 5, 5, '2015-05-05'),
	(7, 2, 3, '2015-06-01'),
	(8, 3, 4, '2015-06-02'),
	(9, 4, 5, '2015-06-03'),
	(10, 5, 6, '2015-06-06'),
	(11, 1, 3, '2017-07-01'),
	(12, 2, 4, '2017-07-02'),
	(13, 3, 5, '2017-07-02'),
	(14, 4, 6, '2017-07-02'),
	(15, 5, 7, '2017-07-07'),
	(16, 4, 7, '2018-08-02'),
	(17, 5, 8, '2018-08-08');
/*!40000 ALTER TABLE `jabatan_karyawan` ENABLE KEYS */;

-- Dumping data for table praktikum_presensi.karyawan: ~8 rows (approximately)
/*!40000 ALTER TABLE `karyawan` DISABLE KEYS */;
INSERT INTO `karyawan` (`id`, `nik`, `nama_lengkap`, `handphone`, `email`, `tanggal_masuk`, `pengguna_id`) VALUES
	(1, '001', 'Admin', '08112011', 'admin@mail.com', '2011-01-01', 1),
	(2, '002', 'Tes User', '08112012', 'user@mail.com', '2012-02-02', 2),
	(3, '003', 'John Doe', '08112013', 'john@mail.com', '2013-03-03', 3),
	(4, '004', 'Fulan Bin Fulan', '08112014', 'fulan@mail.com', '2014-04-04', 4),
	(5, '005', 'Mawar Kurniani', '08112015', 'mawar@mail.com', '2015-05-05', 5),
	(6, '006', 'Melati Rahmawati', '08112016', 'melati@mail.com', '2016-06-06', 6),
	(7, '007', 'Dahlia Setiani', '08112017', 'dahlia@mail.com', '2017-07-07', 7),
	(8, '008', 'Lily Handayani', '08112018', 'lily@mail.com', '2018-08-08', 8);
/*!40000 ALTER TABLE `karyawan` ENABLE KEYS */;

-- Dumping data for table praktikum_presensi.lokasi: ~3 rows (approximately)
/*!40000 ALTER TABLE `lokasi` DISABLE KEYS */;
INSERT INTO `lokasi` (`id`, `nama_lokasi`) VALUES
	(1, 'Banjarmasin'),
	(2, 'Banjarbaru'),
	(3, 'Gambut');
/*!40000 ALTER TABLE `lokasi` ENABLE KEYS */;

-- Dumping data for table praktikum_presensi.penggajian: ~18 rows (approximately)
/*!40000 ALTER TABLE `penggajian` DISABLE KEYS */;
INSERT INTO `penggajian` (`id`, `karyawan_id`, `tahun`, `bulan`, `gapok`, `tunjangan`, `uang_makan`) VALUES
	(1, 3, '2020', '11', 2400000, 500000, 800000),
	(2, 4, '2020', '11', 2300000, 450000, 684000),
	(3, 5, '2020', '11', 2200000, 400000, 684000),
	(4, 6, '2020', '11', 2100000, 350000, 640000),
	(5, 7, '2020', '11', 2100000, 350000, 612000),
	(6, 8, '2020', '11', 1000000, 100000, 380000),
	(7, 3, '2020', '12', 2400000, 500000, 800000),
	(8, 4, '2020', '12', 2300000, 450000, 722000),
	(9, 5, '2020', '12', 2200000, 400000, 720000),
	(10, 6, '2020', '12', 2100000, 350000, 680000),
	(11, 7, '2020', '12', 2100000, 350000, 646000),
	(12, 8, '2020', '12', 1000000, 100000, 360000),
	(13, 3, '2021', '01', 2400000, 500000, 800000),
	(14, 4, '2021', '01', 2300000, 450000, 722000),
	(15, 5, '2021', '01', 2200000, 400000, 612000),
	(16, 6, '2021', '01', 2100000, 350000, 680000),
	(17, 7, '2021', '01', 2100000, 350000, 646000),
	(18, 8, '2021', '01', 1000000, 100000, 340000);
/*!40000 ALTER TABLE `penggajian` ENABLE KEYS */;

-- Dumping data for table praktikum_presensi.pengguna: ~8 rows (approximately)
/*!40000 ALTER TABLE `pengguna` DISABLE KEYS */;
INSERT INTO `pengguna` (`id`, `username`, `password`, `peran`, `login_terakhir`) VALUES
	(1, 'admin', '21232f297a57a5a743894a0e4a801fc3', 'ADMIN', NULL),
	(2, 'user', 'ee11cbb19052e40b07aac0ca060c23ee', 'USER', NULL),
	(3, 'johndoe', '6579e96f76baa00787a28653876c6127', 'USER', NULL),
	(4, 'fulanbinfulan', '7c232f58f03f6d00c8d28166fbff7a8b', 'USER', NULL),
	(5, 'mawar', 'bd117502364227fd8c09098d31e11313', 'USER', NULL),
	(6, 'melati', '27e80ebc907bd57004986be9e6f2dd83', 'USER', NULL),
	(7, 'dahlia', 'ee11cbb19052e40b07aac0ca060c23ee', 'USER', NULL),
	(8, 'lily', '89f288757f4d0693c99b007855fc075e', 'USER', NULL);
/*!40000 ALTER TABLE `pengguna` ENABLE KEYS */;

-- Dumping data for table praktikum_presensi.presensi: ~552 rows (approximately)
/*!40000 ALTER TABLE `presensi` DISABLE KEYS */;
INSERT INTO `presensi` (`id`, `karyawan_id`, `tanggal`, `jam_masuk`, `jam_keluar`, `keterangan`) VALUES
	(553, 3, '2020-11-01', NULL, NULL, 'AKHIR PEKAN'),
	(554, 3, '2020-11-02', '08:00:00', '16:00:00', 'HADIR'),
	(555, 3, '2020-11-03', '08:00:00', '16:00:00', 'HADIR'),
	(556, 3, '2020-11-04', '08:00:00', '16:00:00', 'HADIR'),
	(557, 3, '2020-11-05', '08:00:00', '16:00:00', 'HADIR'),
	(558, 3, '2020-11-06', '08:00:00', '16:00:00', 'HADIR'),
	(559, 3, '2020-11-07', NULL, NULL, 'AKHIR PEKAN'),
	(560, 3, '2020-11-08', NULL, NULL, 'AKHIR PEKAN'),
	(561, 3, '2020-11-09', '08:00:00', '16:00:00', 'HADIR'),
	(562, 3, '2020-11-10', NULL, NULL, 'LIBUR NASIONAL'),
	(563, 3, '2020-11-11', '08:00:00', '16:00:00', 'HADIR'),
	(564, 3, '2020-11-12', '08:00:00', '16:00:00', 'HADIR'),
	(565, 3, '2020-11-13', '08:00:00', '16:00:00', 'HADIR'),
	(566, 3, '2020-11-14', NULL, NULL, 'AKHIR PEKAN'),
	(567, 3, '2020-11-15', NULL, NULL, 'AKHIR PEKAN'),
	(568, 3, '2020-11-16', '08:00:00', '16:00:00', 'HADIR'),
	(569, 3, '2020-11-17', '08:00:00', '16:00:00', 'HADIR'),
	(570, 3, '2020-11-18', '08:00:00', '16:00:00', 'HADIR'),
	(571, 3, '2020-11-19', '08:00:00', '16:00:00', 'HADIR'),
	(572, 3, '2020-11-20', '08:00:00', '16:00:00', 'HADIR'),
	(573, 3, '2020-11-21', NULL, NULL, 'AKHIR PEKAN'),
	(574, 3, '2020-11-22', NULL, NULL, 'AKHIR PEKAN'),
	(575, 3, '2020-11-23', '08:00:00', '16:00:00', 'HADIR'),
	(576, 3, '2020-11-24', '08:00:00', '16:00:00', 'HADIR'),
	(577, 3, '2020-11-25', '08:00:00', '16:00:00', 'HADIR'),
	(578, 3, '2020-11-26', '08:00:00', '16:00:00', 'HADIR'),
	(579, 3, '2020-11-27', '08:00:00', '16:00:00', 'HADIR'),
	(580, 3, '2020-11-28', NULL, NULL, 'AKHIR PEKAN'),
	(581, 3, '2020-11-29', NULL, NULL, 'AKHIR PEKAN'),
	(582, 3, '2020-11-30', '08:00:00', '16:00:00', 'HADIR'),
	(583, 3, '2020-12-01', '08:00:00', '16:00:00', 'HADIR'),
	(584, 3, '2020-12-02', '08:00:00', '16:00:00', 'HADIR'),
	(585, 3, '2020-12-03', '08:00:00', '16:00:00', 'HADIR'),
	(586, 3, '2020-12-04', '08:00:00', '16:00:00', 'HADIR'),
	(587, 3, '2020-12-05', NULL, NULL, 'AKHIR PEKAN'),
	(588, 3, '2020-12-06', NULL, NULL, 'AKHIR PEKAN'),
	(589, 3, '2020-12-07', '08:00:00', '16:00:00', 'HADIR'),
	(590, 3, '2020-12-08', '08:00:00', '16:00:00', 'HADIR'),
	(591, 3, '2020-12-09', NULL, NULL, 'LIBUR NASIONAL'),
	(592, 3, '2020-12-10', '08:00:00', '16:00:00', 'HADIR'),
	(593, 3, '2020-12-11', '08:00:00', '16:00:00', 'HADIR'),
	(594, 3, '2020-12-12', NULL, NULL, 'AKHIR PEKAN'),
	(595, 3, '2020-12-13', NULL, NULL, 'AKHIR PEKAN'),
	(596, 3, '2020-12-14', '08:00:00', '16:00:00', 'HADIR'),
	(597, 3, '2020-12-15', '08:00:00', '16:00:00', 'HADIR'),
	(598, 3, '2020-12-16', '08:00:00', '16:00:00', 'HADIR'),
	(599, 3, '2020-12-17', '08:00:00', '16:00:00', 'HADIR'),
	(600, 3, '2020-12-18', '08:00:00', '16:00:00', 'HADIR'),
	(601, 3, '2020-12-19', NULL, NULL, 'AKHIR PEKAN'),
	(602, 3, '2020-12-20', NULL, NULL, 'AKHIR PEKAN'),
	(603, 3, '2020-12-21', '08:00:00', '16:00:00', 'HADIR'),
	(604, 3, '2020-12-22', '08:00:00', '16:00:00', 'HADIR'),
	(605, 3, '2020-12-23', '08:00:00', '16:00:00', 'HADIR'),
	(606, 3, '2020-12-24', NULL, NULL, 'LIBUR NASIONAL'),
	(607, 3, '2020-12-25', NULL, NULL, 'LIBUR NASIONAL'),
	(608, 3, '2020-12-26', NULL, NULL, 'AKHIR PEKAN'),
	(609, 3, '2020-12-27', NULL, NULL, 'AKHIR PEKAN'),
	(610, 3, '2020-12-28', '08:00:00', '16:00:00', 'HADIR'),
	(611, 3, '2020-12-29', '08:00:00', '16:00:00', 'HADIR'),
	(612, 3, '2020-12-30', '08:00:00', '16:00:00', 'HADIR'),
	(613, 3, '2020-12-31', '08:00:00', '16:00:00', 'HADIR'),
	(614, 3, '2021-01-01', NULL, NULL, 'LIBUR NASIONAL'),
	(615, 3, '2021-01-02', NULL, NULL, 'AKHIR PEKAN'),
	(616, 3, '2021-01-03', NULL, NULL, 'AKHIR PEKAN'),
	(617, 3, '2021-01-04', '08:00:00', '16:00:00', 'HADIR'),
	(618, 3, '2021-01-05', '08:00:00', '16:00:00', 'HADIR'),
	(619, 3, '2021-01-06', '08:00:00', '16:00:00', 'HADIR'),
	(620, 3, '2021-01-07', '08:00:00', '16:00:00', 'HADIR'),
	(621, 3, '2021-01-08', '08:00:00', '16:00:00', 'HADIR'),
	(622, 3, '2021-01-09', NULL, NULL, 'AKHIR PEKAN'),
	(623, 3, '2021-01-10', NULL, NULL, 'AKHIR PEKAN'),
	(624, 3, '2021-01-11', '08:00:00', '16:00:00', 'HADIR'),
	(625, 3, '2021-01-12', '08:00:00', '16:00:00', 'HADIR'),
	(626, 3, '2021-01-13', '08:00:00', '16:00:00', 'HADIR'),
	(627, 3, '2021-01-14', '08:00:00', '16:00:00', 'HADIR'),
	(628, 3, '2021-01-15', '08:00:00', '16:00:00', 'HADIR'),
	(629, 3, '2021-01-16', NULL, NULL, 'AKHIR PEKAN'),
	(630, 3, '2021-01-17', NULL, NULL, 'AKHIR PEKAN'),
	(631, 3, '2021-01-18', '08:00:00', '16:00:00', 'HADIR'),
	(632, 3, '2021-01-19', '08:00:00', '16:00:00', 'HADIR'),
	(633, 3, '2021-01-20', '08:00:00', '16:00:00', 'HADIR'),
	(634, 3, '2021-01-21', '08:00:00', '16:00:00', 'HADIR'),
	(635, 3, '2021-01-22', '08:00:00', '16:00:00', 'HADIR'),
	(636, 3, '2021-01-23', NULL, NULL, 'AKHIR PEKAN'),
	(637, 3, '2021-01-24', NULL, NULL, 'AKHIR PEKAN'),
	(638, 3, '2021-01-25', '08:00:00', '16:00:00', 'HADIR'),
	(639, 3, '2021-01-26', '08:00:00', '16:00:00', 'HADIR'),
	(640, 3, '2021-01-27', '08:00:00', '16:00:00', 'HADIR'),
	(641, 3, '2021-01-28', '08:00:00', '16:00:00', 'HADIR'),
	(642, 3, '2021-01-29', '08:00:00', '16:00:00', 'HADIR'),
	(643, 3, '2021-01-30', NULL, NULL, 'AKHIR PEKAN'),
	(644, 3, '2021-01-31', NULL, NULL, 'AKHIR PEKAN'),
	(645, 4, '2020-11-01', NULL, NULL, 'AKHIR PEKAN'),
	(646, 4, '2020-11-02', '08:00:00', '16:00:00', 'HADIR'),
	(647, 4, '2020-11-03', '08:35:00', '16:00:00', 'HADIR'),
	(648, 4, '2020-11-04', NULL, NULL, 'SAKIT'),
	(649, 4, '2020-11-05', '08:00:00', '16:00:00', 'HADIR'),
	(650, 4, '2020-11-06', '08:00:00', '16:00:00', 'HADIR'),
	(651, 4, '2020-11-07', NULL, NULL, 'AKHIR PEKAN'),
	(652, 4, '2020-11-08', NULL, NULL, 'AKHIR PEKAN'),
	(653, 4, '2020-11-09', '08:00:00', '16:00:00', 'HADIR'),
	(654, 4, '2020-11-10', NULL, NULL, 'LIBUR NASIONAL'),
	(655, 4, '2020-11-11', '08:00:00', '16:00:00', 'HADIR'),
	(656, 4, '2020-11-12', '08:00:00', '16:00:00', 'HADIR'),
	(657, 4, '2020-11-13', '08:00:00', '16:00:00', 'HADIR'),
	(658, 4, '2020-11-14', NULL, NULL, 'AKHIR PEKAN'),
	(659, 4, '2020-11-15', NULL, NULL, 'AKHIR PEKAN'),
	(660, 4, '2020-11-16', '08:00:00', '16:00:00', 'HADIR'),
	(661, 4, '2020-11-17', '08:00:00', '16:00:00', 'HADIR'),
	(662, 4, '2020-11-18', '08:45:00', '16:00:00', 'HADIR'),
	(663, 4, '2020-11-19', NULL, NULL, 'IZIN'),
	(664, 4, '2020-11-20', '08:00:00', '16:00:00', 'HADIR'),
	(665, 4, '2020-11-21', NULL, NULL, 'AKHIR PEKAN'),
	(666, 4, '2020-11-22', NULL, NULL, 'AKHIR PEKAN'),
	(667, 4, '2020-11-23', '08:00:00', '16:00:00', 'HADIR'),
	(668, 4, '2020-11-24', '08:00:00', '16:00:00', 'HADIR'),
	(669, 4, '2020-11-25', '08:00:00', '16:00:00', 'HADIR'),
	(670, 4, '2020-11-26', '08:00:00', '16:00:00', 'HADIR'),
	(671, 4, '2020-11-27', '08:00:00', '16:00:00', 'HADIR'),
	(672, 4, '2020-11-28', NULL, NULL, 'AKHIR PEKAN'),
	(673, 4, '2020-11-29', NULL, NULL, 'AKHIR PEKAN'),
	(674, 4, '2020-11-30', '08:00:00', '16:00:00', 'HADIR'),
	(675, 4, '2020-12-01', '08:00:00', '16:00:00', 'HADIR'),
	(676, 4, '2020-12-02', '08:00:00', '16:00:00', 'HADIR'),
	(677, 4, '2020-12-03', '08:00:00', '16:00:00', 'HADIR'),
	(678, 4, '2020-12-04', '08:00:00', '16:00:00', 'HADIR'),
	(679, 4, '2020-12-05', NULL, NULL, 'AKHIR PEKAN'),
	(680, 4, '2020-12-06', NULL, NULL, 'AKHIR PEKAN'),
	(681, 4, '2020-12-07', '08:00:00', '16:00:00', 'HADIR'),
	(682, 4, '2020-12-08', '08:00:00', '16:00:00', 'HADIR'),
	(683, 4, '2020-12-09', NULL, NULL, 'LIBUR NASIONAL'),
	(684, 4, '2020-12-10', '08:00:00', '16:00:00', 'HADIR'),
	(685, 4, '2020-12-11', '08:00:00', '16:00:00', 'HADIR'),
	(686, 4, '2020-12-12', NULL, NULL, 'AKHIR PEKAN'),
	(687, 4, '2020-12-13', NULL, NULL, 'AKHIR PEKAN'),
	(688, 4, '2020-12-14', '08:00:00', '16:00:00', 'HADIR'),
	(689, 4, '2020-12-15', '08:00:00', '16:00:00', 'HADIR'),
	(690, 4, '2020-12-16', '08:00:00', '16:00:00', 'HADIR'),
	(691, 4, '2020-12-17', NULL, NULL, 'SAKIT'),
	(692, 4, '2020-12-18', '08:00:00', '16:00:00', 'HADIR'),
	(693, 4, '2020-12-19', NULL, NULL, 'AKHIR PEKAN'),
	(694, 4, '2020-12-20', NULL, NULL, 'AKHIR PEKAN'),
	(695, 4, '2020-12-21', '08:00:00', '16:00:00', 'HADIR'),
	(696, 4, '2020-12-22', '08:00:00', '16:00:00', 'HADIR'),
	(697, 4, '2020-12-23', '08:00:00', '16:00:00', 'HADIR'),
	(698, 4, '2020-12-24', NULL, NULL, 'LIBUR NASIONAL'),
	(699, 4, '2020-12-25', NULL, NULL, 'LIBUR NASIONAL'),
	(700, 4, '2020-12-26', NULL, NULL, 'AKHIR PEKAN'),
	(701, 4, '2020-12-27', NULL, NULL, 'AKHIR PEKAN'),
	(702, 4, '2020-12-28', '08:00:00', '16:00:00', 'HADIR'),
	(703, 4, '2020-12-29', '08:50:00', '16:00:00', 'HADIR'),
	(704, 4, '2020-12-30', '08:00:00', '16:00:00', 'HADIR'),
	(705, 4, '2020-12-31', '08:00:00', '16:00:00', 'HADIR'),
	(706, 4, '2021-01-01', NULL, NULL, 'LIBUR NASIONAL'),
	(707, 4, '2021-01-02', NULL, NULL, 'AKHIR PEKAN'),
	(708, 4, '2021-01-03', NULL, NULL, 'AKHIR PEKAN'),
	(709, 4, '2021-01-04', '08:00:00', '16:00:00', 'HADIR'),
	(710, 4, '2021-01-05', '08:00:00', '16:00:00', 'HADIR'),
	(711, 4, '2021-01-06', '08:00:00', '16:00:00', 'HADIR'),
	(712, 4, '2021-01-07', '08:00:00', '16:00:00', 'HADIR'),
	(713, 4, '2021-01-08', '08:00:00', '16:00:00', 'HADIR'),
	(714, 4, '2021-01-09', NULL, NULL, 'AKHIR PEKAN'),
	(715, 4, '2021-01-10', NULL, NULL, 'AKHIR PEKAN'),
	(716, 4, '2021-01-11', '08:00:00', '16:00:00', 'HADIR'),
	(717, 4, '2021-01-12', '08:00:00', '16:00:00', 'HADIR'),
	(718, 4, '2021-01-13', '08:00:00', '16:00:00', 'HADIR'),
	(719, 4, '2021-01-14', '08:00:00', '16:00:00', 'HADIR'),
	(720, 4, '2021-01-15', '08:00:00', '16:00:00', 'HADIR'),
	(721, 4, '2021-01-16', NULL, NULL, 'AKHIR PEKAN'),
	(722, 4, '2021-01-17', NULL, NULL, 'AKHIR PEKAN'),
	(723, 4, '2021-01-18', '08:00:00', '16:00:00', 'HADIR'),
	(724, 4, '2021-01-19', '08:00:00', '16:00:00', 'HADIR'),
	(725, 4, '2021-01-20', '08:00:00', '16:00:00', 'HADIR'),
	(726, 4, '2021-01-21', NULL, NULL, 'IZIN'),
	(727, 4, '2021-01-22', '08:00:00', '16:00:00', 'HADIR'),
	(728, 4, '2021-01-23', NULL, NULL, 'AKHIR PEKAN'),
	(729, 4, '2021-01-24', NULL, NULL, 'AKHIR PEKAN'),
	(730, 4, '2021-01-25', '08:00:00', '16:00:00', 'HADIR'),
	(731, 4, '2021-01-26', '08:00:00', '16:00:00', 'HADIR'),
	(732, 4, '2021-01-27', '08:40:00', '16:00:00', 'HADIR'),
	(733, 4, '2021-01-28', '08:00:00', '16:00:00', 'HADIR'),
	(734, 4, '2021-01-29', '08:00:00', '16:00:00', 'HADIR'),
	(735, 4, '2021-01-30', NULL, NULL, 'AKHIR PEKAN'),
	(736, 4, '2021-01-31', NULL, NULL, 'AKHIR PEKAN'),
	(737, 5, '2020-11-01', NULL, NULL, 'AKHIR PEKAN'),
	(738, 5, '2020-11-02', '08:00:00', '16:00:00', 'HADIR'),
	(739, 5, '2020-11-03', '08:00:00', '16:00:00', 'HADIR'),
	(740, 5, '2020-11-04', '08:00:00', '16:00:00', 'HADIR'),
	(741, 5, '2020-11-05', '08:00:00', '16:00:00', 'HADIR'),
	(742, 5, '2020-11-06', '08:35:00', '16:00:00', 'HADIR'),
	(743, 5, '2020-11-07', NULL, NULL, 'AKHIR PEKAN'),
	(744, 5, '2020-11-08', NULL, NULL, 'AKHIR PEKAN'),
	(745, 5, '2020-11-09', '08:00:00', '16:00:00', 'HADIR'),
	(746, 5, '2020-11-10', NULL, NULL, 'LIBUR NASIONAL'),
	(747, 5, '2020-11-11', '08:00:00', '16:00:00', 'HADIR'),
	(748, 5, '2020-11-12', '08:00:00', '16:00:00', 'HADIR'),
	(749, 5, '2020-11-13', '08:00:00', '16:00:00', 'HADIR'),
	(750, 5, '2020-11-14', NULL, NULL, 'AKHIR PEKAN'),
	(751, 5, '2020-11-15', NULL, NULL, 'AKHIR PEKAN'),
	(752, 5, '2020-11-16', '08:00:00', '16:00:00', 'HADIR'),
	(753, 5, '2020-11-17', '08:00:00', '16:00:00', 'HADIR'),
	(754, 5, '2020-11-18', '08:35:00', '16:00:00', 'HADIR'),
	(755, 5, '2020-11-19', '08:00:00', '16:00:00', 'HADIR'),
	(756, 5, '2020-11-20', '08:00:00', '16:00:00', 'HADIR'),
	(757, 5, '2020-11-21', NULL, NULL, 'AKHIR PEKAN'),
	(758, 5, '2020-11-22', NULL, NULL, 'AKHIR PEKAN'),
	(759, 5, '2020-11-23', '08:00:00', '16:00:00', 'HADIR'),
	(760, 5, '2020-11-24', '08:00:00', '16:00:00', 'HADIR'),
	(761, 5, '2020-11-25', NULL, NULL, 'SAKIT'),
	(762, 5, '2020-11-26', '08:00:00', '16:00:00', 'HADIR'),
	(763, 5, '2020-11-27', '08:00:00', '16:00:00', 'HADIR'),
	(764, 5, '2020-11-28', NULL, NULL, 'AKHIR PEKAN'),
	(765, 5, '2020-11-29', NULL, NULL, 'AKHIR PEKAN'),
	(766, 5, '2020-11-30', '08:00:00', '16:00:00', 'HADIR'),
	(767, 5, '2020-12-01', '08:00:00', '16:00:00', 'HADIR'),
	(768, 5, '2020-12-02', '08:00:00', '16:00:00', 'HADIR'),
	(769, 5, '2020-12-03', '08:00:00', '16:00:00', 'HADIR'),
	(770, 5, '2020-12-04', '08:00:00', '16:00:00', 'HADIR'),
	(771, 5, '2020-12-05', NULL, NULL, 'AKHIR PEKAN'),
	(772, 5, '2020-12-06', NULL, NULL, 'AKHIR PEKAN'),
	(773, 5, '2020-12-07', '08:00:00', '16:00:00', 'HADIR'),
	(774, 5, '2020-12-08', '08:00:00', '16:00:00', 'HADIR'),
	(775, 5, '2020-12-09', NULL, NULL, 'LIBUR NASIONAL'),
	(776, 5, '2020-12-10', '08:00:00', '16:00:00', 'HADIR'),
	(777, 5, '2020-12-11', '08:00:00', '16:00:00', 'HADIR'),
	(778, 5, '2020-12-12', NULL, NULL, 'AKHIR PEKAN'),
	(779, 5, '2020-12-13', NULL, NULL, 'AKHIR PEKAN'),
	(780, 5, '2020-12-14', '08:00:00', '16:00:00', 'HADIR'),
	(781, 5, '2020-12-15', '08:00:00', '16:00:00', 'HADIR'),
	(782, 5, '2020-12-16', '08:00:00', '16:00:00', 'HADIR'),
	(783, 5, '2020-12-17', '08:00:00', '16:00:00', 'HADIR'),
	(784, 5, '2020-12-18', '08:00:00', '16:00:00', 'HADIR'),
	(785, 5, '2020-12-19', NULL, NULL, 'AKHIR PEKAN'),
	(786, 5, '2020-12-20', NULL, NULL, 'AKHIR PEKAN'),
	(787, 5, '2020-12-21', '08:00:00', '16:00:00', 'HADIR'),
	(788, 5, '2020-12-22', '08:00:00', '16:00:00', 'HADIR'),
	(789, 5, '2020-12-23', '08:00:00', '16:00:00', 'HADIR'),
	(790, 5, '2020-12-24', NULL, NULL, 'LIBUR NASIONAL'),
	(791, 5, '2020-12-25', NULL, NULL, 'LIBUR NASIONAL'),
	(792, 5, '2020-12-26', NULL, NULL, 'AKHIR PEKAN'),
	(793, 5, '2020-12-27', NULL, NULL, 'AKHIR PEKAN'),
	(794, 5, '2020-12-28', '08:00:00', '16:00:00', 'HADIR'),
	(795, 5, '2020-12-29', '08:00:00', '16:00:00', 'HADIR'),
	(796, 5, '2020-12-30', '08:00:00', '16:00:00', 'HADIR'),
	(797, 5, '2020-12-31', '08:00:00', '16:00:00', 'HADIR'),
	(798, 5, '2021-01-01', NULL, NULL, 'LIBUR NASIONAL'),
	(799, 5, '2021-01-02', NULL, NULL, 'AKHIR PEKAN'),
	(800, 5, '2021-01-03', NULL, NULL, 'AKHIR PEKAN'),
	(801, 5, '2021-01-04', '08:00:00', '16:00:00', 'HADIR'),
	(802, 5, '2021-01-05', '08:00:00', '16:00:00', 'HADIR'),
	(803, 5, '2021-01-06', NULL, NULL, 'IZIN'),
	(804, 5, '2021-01-07', '08:00:00', '16:00:00', 'HADIR'),
	(805, 5, '2021-01-08', '08:00:00', '16:00:00', 'HADIR'),
	(806, 5, '2021-01-09', NULL, NULL, 'AKHIR PEKAN'),
	(807, 5, '2021-01-10', NULL, NULL, 'AKHIR PEKAN'),
	(808, 5, '2021-01-11', '08:00:00', '16:00:00', 'HADIR'),
	(809, 5, '2021-01-12', '08:00:00', '16:00:00', 'HADIR'),
	(810, 5, '2021-01-13', '08:00:00', '16:00:00', 'HADIR'),
	(811, 5, '2021-01-14', '08:00:00', '16:00:00', 'HADIR'),
	(812, 5, '2021-01-15', '08:00:00', '16:00:00', 'HADIR'),
	(813, 5, '2021-01-16', NULL, NULL, 'AKHIR PEKAN'),
	(814, 5, '2021-01-17', NULL, NULL, 'AKHIR PEKAN'),
	(815, 5, '2021-01-18', '08:00:00', '16:00:00', 'HADIR'),
	(816, 5, '2021-01-19', '08:00:00', '16:00:00', 'HADIR'),
	(817, 5, '2021-01-20', '08:00:00', '16:00:00', 'HADIR'),
	(818, 5, '2021-01-21', '08:00:00', '16:00:00', 'HADIR'),
	(819, 5, '2021-01-22', '08:00:00', '16:00:00', 'HADIR'),
	(820, 5, '2021-01-23', NULL, NULL, 'AKHIR PEKAN'),
	(821, 5, '2021-01-24', NULL, NULL, 'AKHIR PEKAN'),
	(822, 5, '2021-01-25', '08:00:00', '16:00:00', 'HADIR'),
	(823, 5, '2021-01-26', NULL, NULL, 'SAKIT'),
	(824, 5, '2021-01-27', NULL, NULL, 'SAKIT'),
	(825, 5, '2021-01-28', '08:00:00', '16:00:00', 'HADIR'),
	(826, 5, '2021-01-29', '08:00:00', '16:00:00', 'HADIR'),
	(827, 5, '2021-01-30', NULL, NULL, 'AKHIR PEKAN'),
	(828, 5, '2021-01-31', NULL, NULL, 'AKHIR PEKAN'),
	(829, 6, '2020-11-01', NULL, NULL, 'AKHIR PEKAN'),
	(830, 6, '2020-11-02', '08:00:00', '16:00:00', 'HADIR'),
	(831, 6, '2020-11-03', '08:00:00', '16:00:00', 'HADIR'),
	(832, 6, '2020-11-04', '08:00:00', '16:00:00', 'HADIR'),
	(833, 6, '2020-11-05', '08:00:00', '16:00:00', 'HADIR'),
	(834, 6, '2020-11-06', '08:00:00', '16:00:00', 'HADIR'),
	(835, 6, '2020-11-07', NULL, NULL, 'AKHIR PEKAN'),
	(836, 6, '2020-11-08', NULL, NULL, 'AKHIR PEKAN'),
	(837, 6, '2020-11-09', '08:00:00', '16:00:00', 'HADIR'),
	(838, 6, '2020-11-10', NULL, NULL, 'LIBUR NASIONAL'),
	(839, 6, '2020-11-11', '08:00:00', '16:00:00', 'HADIR'),
	(840, 6, '2020-11-12', '08:00:00', '16:00:00', 'HADIR'),
	(841, 6, '2020-11-13', '08:00:00', '16:00:00', 'HADIR'),
	(842, 6, '2020-11-14', NULL, NULL, 'AKHIR PEKAN'),
	(843, 6, '2020-11-15', NULL, NULL, 'AKHIR PEKAN'),
	(844, 6, '2020-11-16', '08:00:00', '16:00:00', 'HADIR'),
	(845, 6, '2020-11-17', '08:00:00', '16:00:00', 'HADIR'),
	(846, 6, '2020-11-18', '08:00:00', '16:00:00', 'HADIR'),
	(847, 6, '2020-11-19', '08:00:00', '16:00:00', 'HADIR'),
	(848, 6, '2020-11-20', '08:00:00', '16:00:00', 'HADIR'),
	(849, 6, '2020-11-21', NULL, NULL, 'AKHIR PEKAN'),
	(850, 6, '2020-11-22', NULL, NULL, 'AKHIR PEKAN'),
	(851, 6, '2020-11-23', '08:00:00', '16:00:00', 'HADIR'),
	(852, 6, '2020-11-24', '08:00:00', '16:00:00', 'HADIR'),
	(853, 6, '2020-11-25', '08:00:00', '16:00:00', 'HADIR'),
	(854, 6, '2020-11-26', '08:00:00', '16:00:00', 'HADIR'),
	(855, 6, '2020-11-27', '08:00:00', '16:00:00', 'HADIR'),
	(856, 6, '2020-11-28', NULL, NULL, 'AKHIR PEKAN'),
	(857, 6, '2020-11-29', NULL, NULL, 'AKHIR PEKAN'),
	(858, 6, '2020-11-30', '08:00:00', '16:00:00', 'HADIR'),
	(859, 6, '2020-12-01', '08:00:00', '16:00:00', 'HADIR'),
	(860, 6, '2020-12-02', '08:00:00', '16:00:00', 'HADIR'),
	(861, 6, '2020-12-03', '08:00:00', '16:00:00', 'HADIR'),
	(862, 6, '2020-12-04', '08:00:00', '16:00:00', 'HADIR'),
	(863, 6, '2020-12-05', NULL, NULL, 'AKHIR PEKAN'),
	(864, 6, '2020-12-06', NULL, NULL, 'AKHIR PEKAN'),
	(865, 6, '2020-12-07', '08:00:00', '16:00:00', 'HADIR'),
	(866, 6, '2020-12-08', '08:00:00', '16:00:00', 'HADIR'),
	(867, 6, '2020-12-09', NULL, NULL, 'LIBUR NASIONAL'),
	(868, 6, '2020-12-10', '08:00:00', '16:00:00', 'HADIR'),
	(869, 6, '2020-12-11', '08:00:00', '16:00:00', 'HADIR'),
	(870, 6, '2020-12-12', NULL, NULL, 'AKHIR PEKAN'),
	(871, 6, '2020-12-13', NULL, NULL, 'AKHIR PEKAN'),
	(872, 6, '2020-12-14', '08:00:00', '16:00:00', 'HADIR'),
	(873, 6, '2020-12-15', '08:00:00', '16:00:00', 'HADIR'),
	(874, 6, '2020-12-16', '08:00:00', '16:00:00', 'HADIR'),
	(875, 6, '2020-12-17', '08:00:00', '16:00:00', 'HADIR'),
	(876, 6, '2020-12-18', '08:00:00', '16:00:00', 'HADIR'),
	(877, 6, '2020-12-19', NULL, NULL, 'AKHIR PEKAN'),
	(878, 6, '2020-12-20', NULL, NULL, 'AKHIR PEKAN'),
	(879, 6, '2020-12-21', '08:00:00', '16:00:00', 'HADIR'),
	(880, 6, '2020-12-22', '08:00:00', '16:00:00', 'HADIR'),
	(881, 6, '2020-12-23', '08:00:00', '16:00:00', 'HADIR'),
	(882, 6, '2020-12-24', NULL, NULL, 'LIBUR NASIONAL'),
	(883, 6, '2020-12-25', NULL, NULL, 'LIBUR NASIONAL'),
	(884, 6, '2020-12-26', NULL, NULL, 'AKHIR PEKAN'),
	(885, 6, '2020-12-27', NULL, NULL, 'AKHIR PEKAN'),
	(886, 6, '2020-12-28', '08:00:00', '16:00:00', 'HADIR'),
	(887, 6, '2020-12-29', '08:00:00', '16:00:00', 'HADIR'),
	(888, 6, '2020-12-30', '08:00:00', '16:00:00', 'HADIR'),
	(889, 6, '2020-12-31', '08:00:00', '16:00:00', 'HADIR'),
	(890, 6, '2021-01-01', NULL, NULL, 'LIBUR NASIONAL'),
	(891, 6, '2021-01-02', NULL, NULL, 'AKHIR PEKAN'),
	(892, 6, '2021-01-03', NULL, NULL, 'AKHIR PEKAN'),
	(893, 6, '2021-01-04', '08:00:00', '16:00:00', 'HADIR'),
	(894, 6, '2021-01-05', '08:00:00', '16:00:00', 'HADIR'),
	(895, 6, '2021-01-06', '08:00:00', '16:00:00', 'HADIR'),
	(896, 6, '2021-01-07', '08:00:00', '16:00:00', 'HADIR'),
	(897, 6, '2021-01-08', '08:00:00', '16:00:00', 'HADIR'),
	(898, 6, '2021-01-09', NULL, NULL, 'AKHIR PEKAN'),
	(899, 6, '2021-01-10', NULL, NULL, 'AKHIR PEKAN'),
	(900, 6, '2021-01-11', '08:00:00', '16:00:00', 'HADIR'),
	(901, 6, '2021-01-12', '08:00:00', '16:00:00', 'HADIR'),
	(902, 6, '2021-01-13', '08:00:00', '16:00:00', 'HADIR'),
	(903, 6, '2021-01-14', '08:00:00', '16:00:00', 'HADIR'),
	(904, 6, '2021-01-15', '08:00:00', '16:00:00', 'HADIR'),
	(905, 6, '2021-01-16', NULL, NULL, 'AKHIR PEKAN'),
	(906, 6, '2021-01-17', NULL, NULL, 'AKHIR PEKAN'),
	(907, 6, '2021-01-18', '08:00:00', '16:00:00', 'HADIR'),
	(908, 6, '2021-01-19', '08:00:00', '16:00:00', 'HADIR'),
	(909, 6, '2021-01-20', '08:00:00', '16:00:00', 'HADIR'),
	(910, 6, '2021-01-21', '08:00:00', '16:00:00', 'HADIR'),
	(911, 6, '2021-01-22', '08:00:00', '16:00:00', 'HADIR'),
	(912, 6, '2021-01-23', NULL, NULL, 'AKHIR PEKAN'),
	(913, 6, '2021-01-24', NULL, NULL, 'AKHIR PEKAN'),
	(914, 6, '2021-01-25', '08:00:00', '16:00:00', 'HADIR'),
	(915, 6, '2021-01-26', '08:00:00', '16:00:00', 'HADIR'),
	(916, 6, '2021-01-27', '08:00:00', '16:00:00', 'HADIR'),
	(917, 6, '2021-01-28', '08:00:00', '16:00:00', 'HADIR'),
	(918, 6, '2021-01-29', '08:00:00', '16:00:00', 'HADIR'),
	(919, 6, '2021-01-30', NULL, NULL, 'AKHIR PEKAN'),
	(920, 6, '2021-01-31', NULL, NULL, 'AKHIR PEKAN'),
	(921, 7, '2020-11-01', NULL, NULL, 'AKHIR PEKAN'),
	(922, 7, '2020-11-02', '08:00:00', '16:00:00', 'HADIR'),
	(923, 7, '2020-11-03', '08:35:00', '16:00:00', 'HADIR'),
	(924, 7, '2020-11-04', NULL, NULL, 'SAKIT'),
	(925, 7, '2020-11-05', '08:00:00', '16:00:00', 'HADIR'),
	(926, 7, '2020-11-06', '08:00:00', '16:00:00', 'HADIR'),
	(927, 7, '2020-11-07', NULL, NULL, 'AKHIR PEKAN'),
	(928, 7, '2020-11-08', NULL, NULL, 'AKHIR PEKAN'),
	(929, 7, '2020-11-09', '08:00:00', '16:00:00', 'HADIR'),
	(930, 7, '2020-11-10', NULL, NULL, 'LIBUR NASIONAL'),
	(931, 7, '2020-11-11', '08:00:00', '16:00:00', 'HADIR'),
	(932, 7, '2020-11-12', '08:00:00', '16:00:00', 'HADIR'),
	(933, 7, '2020-11-13', '08:00:00', '16:00:00', 'HADIR'),
	(934, 7, '2020-11-14', NULL, NULL, 'AKHIR PEKAN'),
	(935, 7, '2020-11-15', NULL, NULL, 'AKHIR PEKAN'),
	(936, 7, '2020-11-16', '08:00:00', '16:00:00', 'HADIR'),
	(937, 7, '2020-11-17', '08:00:00', '16:00:00', 'HADIR'),
	(938, 7, '2020-11-18', '08:45:00', '16:00:00', 'HADIR'),
	(939, 7, '2020-11-19', NULL, NULL, 'IZIN'),
	(940, 7, '2020-11-20', '08:00:00', '16:00:00', 'HADIR'),
	(941, 7, '2020-11-21', NULL, NULL, 'AKHIR PEKAN'),
	(942, 7, '2020-11-22', NULL, NULL, 'AKHIR PEKAN'),
	(943, 7, '2020-11-23', '08:00:00', '16:00:00', 'HADIR'),
	(944, 7, '2020-11-24', '08:00:00', '16:00:00', 'HADIR'),
	(945, 7, '2020-11-25', '08:00:00', '16:00:00', 'HADIR'),
	(946, 7, '2020-11-26', '08:00:00', '16:00:00', 'HADIR'),
	(947, 7, '2020-11-27', '08:00:00', '16:00:00', 'HADIR'),
	(948, 7, '2020-11-28', NULL, NULL, 'AKHIR PEKAN'),
	(949, 7, '2020-11-29', NULL, NULL, 'AKHIR PEKAN'),
	(950, 7, '2020-11-30', '08:00:00', '16:00:00', 'HADIR'),
	(951, 7, '2020-12-01', '08:00:00', '16:00:00', 'HADIR'),
	(952, 7, '2020-12-02', '08:00:00', '16:00:00', 'HADIR'),
	(953, 7, '2020-12-03', '08:00:00', '16:00:00', 'HADIR'),
	(954, 7, '2020-12-04', '08:00:00', '16:00:00', 'HADIR'),
	(955, 7, '2020-12-05', NULL, NULL, 'AKHIR PEKAN'),
	(956, 7, '2020-12-06', NULL, NULL, 'AKHIR PEKAN'),
	(957, 7, '2020-12-07', '08:00:00', '16:00:00', 'HADIR'),
	(958, 7, '2020-12-08', '08:00:00', '16:00:00', 'HADIR'),
	(959, 7, '2020-12-09', NULL, NULL, 'LIBUR NASIONAL'),
	(960, 7, '2020-12-10', '08:00:00', '16:00:00', 'HADIR'),
	(961, 7, '2020-12-11', '08:00:00', '16:00:00', 'HADIR'),
	(962, 7, '2020-12-12', NULL, NULL, 'AKHIR PEKAN'),
	(963, 7, '2020-12-13', NULL, NULL, 'AKHIR PEKAN'),
	(964, 7, '2020-12-14', '08:00:00', '16:00:00', 'HADIR'),
	(965, 7, '2020-12-15', '08:00:00', '16:00:00', 'HADIR'),
	(966, 7, '2020-12-16', '08:00:00', '16:00:00', 'HADIR'),
	(967, 7, '2020-12-17', NULL, NULL, 'SAKIT'),
	(968, 7, '2020-12-18', '08:00:00', '16:00:00', 'HADIR'),
	(969, 7, '2020-12-19', NULL, NULL, 'AKHIR PEKAN'),
	(970, 7, '2020-12-20', NULL, NULL, 'AKHIR PEKAN'),
	(971, 7, '2020-12-21', '08:00:00', '16:00:00', 'HADIR'),
	(972, 7, '2020-12-22', '08:00:00', '16:00:00', 'HADIR'),
	(973, 7, '2020-12-23', '08:00:00', '16:00:00', 'HADIR'),
	(974, 7, '2020-12-24', NULL, NULL, 'LIBUR NASIONAL'),
	(975, 7, '2020-12-25', NULL, NULL, 'LIBUR NASIONAL'),
	(976, 7, '2020-12-26', NULL, NULL, 'AKHIR PEKAN'),
	(977, 7, '2020-12-27', NULL, NULL, 'AKHIR PEKAN'),
	(978, 7, '2020-12-28', '08:00:00', '16:00:00', 'HADIR'),
	(979, 7, '2020-12-29', '08:50:00', '16:00:00', 'HADIR'),
	(980, 7, '2020-12-30', '08:00:00', '16:00:00', 'HADIR'),
	(981, 7, '2020-12-31', '08:00:00', '16:00:00', 'HADIR'),
	(982, 7, '2021-01-01', NULL, NULL, 'LIBUR NASIONAL'),
	(983, 7, '2021-01-02', NULL, NULL, 'AKHIR PEKAN'),
	(984, 7, '2021-01-03', NULL, NULL, 'AKHIR PEKAN'),
	(985, 7, '2021-01-04', '08:55:00', '16:00:00', 'HADIR'),
	(986, 7, '2021-01-05', '08:00:00', '16:00:00', 'HADIR'),
	(987, 7, '2021-01-06', '08:00:00', '16:00:00', 'HADIR'),
	(988, 7, '2021-01-07', '08:00:00', '16:00:00', 'HADIR'),
	(989, 7, '2021-01-08', '08:00:00', '16:00:00', 'HADIR'),
	(990, 7, '2021-01-09', NULL, NULL, 'AKHIR PEKAN'),
	(991, 7, '2021-01-10', NULL, NULL, 'AKHIR PEKAN'),
	(992, 7, '2021-01-11', '08:00:00', '16:00:00', 'HADIR'),
	(993, 7, '2021-01-12', '08:00:00', '16:00:00', 'HADIR'),
	(994, 7, '2021-01-13', '08:00:00', '16:00:00', 'HADIR'),
	(995, 7, '2021-01-14', '08:00:00', '16:00:00', 'HADIR'),
	(996, 7, '2021-01-15', '08:00:00', '16:00:00', 'HADIR'),
	(997, 7, '2021-01-16', NULL, NULL, 'AKHIR PEKAN'),
	(998, 7, '2021-01-17', NULL, NULL, 'AKHIR PEKAN'),
	(999, 7, '2021-01-18', '08:00:00', '16:00:00', 'HADIR'),
	(1000, 7, '2021-01-19', '08:00:00', '16:00:00', 'HADIR'),
	(1001, 7, '2021-01-20', '08:00:00', '16:00:00', 'HADIR'),
	(1002, 7, '2021-01-21', NULL, NULL, 'IZIN'),
	(1003, 7, '2021-01-22', '08:00:00', '16:00:00', 'HADIR'),
	(1004, 7, '2021-01-23', NULL, NULL, 'AKHIR PEKAN'),
	(1005, 7, '2021-01-24', NULL, NULL, 'AKHIR PEKAN'),
	(1006, 7, '2021-01-25', '08:00:00', '16:00:00', 'HADIR'),
	(1007, 7, '2021-01-26', '08:00:00', '16:00:00', 'HADIR'),
	(1008, 7, '2021-01-27', '08:40:00', '16:00:00', 'HADIR'),
	(1009, 7, '2021-01-28', '08:00:00', '16:00:00', 'HADIR'),
	(1010, 7, '2021-01-29', '08:00:00', '16:00:00', 'HADIR'),
	(1011, 7, '2021-01-30', NULL, NULL, 'AKHIR PEKAN'),
	(1012, 7, '2021-01-31', NULL, NULL, 'AKHIR PEKAN'),
	(1013, 8, '2020-11-01', NULL, NULL, 'AKHIR PEKAN'),
	(1014, 8, '2020-11-02', '08:00:00', '16:00:00', 'HADIR'),
	(1015, 8, '2020-11-03', '08:00:00', '16:00:00', 'HADIR'),
	(1016, 8, '2020-11-04', '08:00:00', '16:00:00', 'HADIR'),
	(1017, 8, '2020-11-05', '08:00:00', '16:00:00', 'HADIR'),
	(1018, 8, '2020-11-06', '08:35:00', '16:00:00', 'HADIR'),
	(1019, 8, '2020-11-07', NULL, NULL, 'AKHIR PEKAN'),
	(1020, 8, '2020-11-08', NULL, NULL, 'AKHIR PEKAN'),
	(1021, 8, '2020-11-09', '08:00:00', '16:00:00', 'HADIR'),
	(1022, 8, '2020-11-10', NULL, NULL, 'LIBUR NASIONAL'),
	(1023, 8, '2020-11-11', '08:00:00', '16:00:00', 'HADIR'),
	(1024, 8, '2020-11-12', '08:00:00', '16:00:00', 'HADIR'),
	(1025, 8, '2020-11-13', '08:00:00', '16:00:00', 'HADIR'),
	(1026, 8, '2020-11-14', NULL, NULL, 'AKHIR PEKAN'),
	(1027, 8, '2020-11-15', NULL, NULL, 'AKHIR PEKAN'),
	(1028, 8, '2020-11-16', '08:00:00', '16:00:00', 'HADIR'),
	(1029, 8, '2020-11-17', '08:00:00', '16:00:00', 'HADIR'),
	(1030, 8, '2020-11-18', '08:35:00', '16:00:00', 'HADIR'),
	(1031, 8, '2020-11-19', '08:00:00', '16:00:00', 'HADIR'),
	(1032, 8, '2020-11-20', '08:00:00', '16:00:00', 'HADIR'),
	(1033, 8, '2020-11-21', NULL, NULL, 'AKHIR PEKAN'),
	(1034, 8, '2020-11-22', NULL, NULL, 'AKHIR PEKAN'),
	(1035, 8, '2020-11-23', '08:00:00', '16:00:00', 'HADIR'),
	(1036, 8, '2020-11-24', '08:00:00', '16:00:00', 'HADIR'),
	(1037, 8, '2020-11-25', NULL, NULL, 'IZIN'),
	(1038, 8, '2020-11-26', '08:00:00', '16:00:00', 'HADIR'),
	(1039, 8, '2020-11-27', '08:00:00', '16:00:00', 'HADIR'),
	(1040, 8, '2020-11-28', NULL, NULL, 'AKHIR PEKAN'),
	(1041, 8, '2020-11-29', NULL, NULL, 'AKHIR PEKAN'),
	(1042, 8, '2020-11-30', '08:00:00', '16:00:00', 'HADIR'),
	(1043, 8, '2020-12-01', '08:00:00', '16:00:00', 'HADIR'),
	(1044, 8, '2020-12-02', NULL, NULL, 'CUTI'),
	(1045, 8, '2020-12-03', NULL, NULL, 'CUTI'),
	(1046, 8, '2020-12-04', '08:00:00', '16:00:00', 'HADIR'),
	(1047, 8, '2020-12-05', NULL, NULL, 'AKHIR PEKAN'),
	(1048, 8, '2020-12-06', NULL, NULL, 'AKHIR PEKAN'),
	(1049, 8, '2020-12-07', '08:00:00', '16:00:00', 'HADIR'),
	(1050, 8, '2020-12-08', '08:00:00', '16:00:00', 'HADIR'),
	(1051, 8, '2020-12-09', NULL, NULL, 'LIBUR NASIONAL'),
	(1052, 8, '2020-12-10', '08:00:00', '16:00:00', 'HADIR'),
	(1053, 8, '2020-12-11', '08:00:00', '16:00:00', 'HADIR'),
	(1054, 8, '2020-12-12', NULL, NULL, 'AKHIR PEKAN'),
	(1055, 8, '2020-12-13', NULL, NULL, 'AKHIR PEKAN'),
	(1056, 8, '2020-12-14', '08:37:00', '16:00:00', 'HADIR'),
	(1057, 8, '2020-12-15', '08:00:00', '16:00:00', 'HADIR'),
	(1058, 8, '2020-12-16', '08:00:00', '16:00:00', 'HADIR'),
	(1059, 8, '2020-12-17', '08:00:00', '16:00:00', 'HADIR'),
	(1060, 8, '2020-12-18', '08:00:00', '16:00:00', 'HADIR'),
	(1061, 8, '2020-12-19', NULL, NULL, 'AKHIR PEKAN'),
	(1062, 8, '2020-12-20', NULL, NULL, 'AKHIR PEKAN'),
	(1063, 8, '2020-12-21', '08:00:00', '16:00:00', 'HADIR'),
	(1064, 8, '2020-12-22', '08:00:00', '16:00:00', 'HADIR'),
	(1065, 8, '2020-12-23', '08:00:00', '16:00:00', 'HADIR'),
	(1066, 8, '2020-12-24', NULL, NULL, 'LIBUR NASIONAL'),
	(1067, 8, '2020-12-25', NULL, NULL, 'LIBUR NASIONAL'),
	(1068, 8, '2020-12-26', NULL, NULL, 'AKHIR PEKAN'),
	(1069, 8, '2020-12-27', NULL, NULL, 'AKHIR PEKAN'),
	(1070, 8, '2020-12-28', '08:00:00', '16:00:00', 'HADIR'),
	(1071, 8, '2020-12-29', '08:00:00', '16:00:00', 'HADIR'),
	(1072, 8, '2020-12-30', '08:35:00', '16:00:00', 'HADIR'),
	(1073, 8, '2020-12-31', '08:00:00', '16:00:00', 'HADIR'),
	(1074, 8, '2021-01-01', NULL, NULL, 'LIBUR NASIONAL'),
	(1075, 8, '2021-01-02', NULL, NULL, 'AKHIR PEKAN'),
	(1076, 8, '2021-01-03', NULL, NULL, 'AKHIR PEKAN'),
	(1077, 8, '2021-01-04', '08:00:00', '16:00:00', 'HADIR'),
	(1078, 8, '2021-01-05', '08:00:00', '16:00:00', 'HADIR'),
	(1079, 8, '2021-01-06', NULL, NULL, 'IZIN'),
	(1080, 8, '2021-01-07', '08:00:00', '16:00:00', 'HADIR'),
	(1081, 8, '2021-01-08', '08:00:00', '16:00:00', 'HADIR'),
	(1082, 8, '2021-01-09', NULL, NULL, 'AKHIR PEKAN'),
	(1083, 8, '2021-01-10', NULL, NULL, 'AKHIR PEKAN'),
	(1084, 8, '2021-01-11', '08:00:00', '16:00:00', 'HADIR'),
	(1085, 8, '2021-01-12', '08:00:00', '16:00:00', 'HADIR'),
	(1086, 8, '2021-01-13', '08:00:00', '16:00:00', 'HADIR'),
	(1087, 8, '2021-01-14', '08:00:00', '16:00:00', 'HADIR'),
	(1088, 8, '2021-01-15', '08:00:00', '16:00:00', 'HADIR'),
	(1089, 8, '2021-01-16', NULL, NULL, 'AKHIR PEKAN'),
	(1090, 8, '2021-01-17', NULL, NULL, 'AKHIR PEKAN'),
	(1091, 8, '2021-01-18', '08:00:00', '16:00:00', 'HADIR'),
	(1092, 8, '2021-01-19', '08:00:00', '16:00:00', 'HADIR'),
	(1093, 8, '2021-01-20', '08:00:00', '16:00:00', 'HADIR'),
	(1094, 8, '2021-01-21', '08:00:00', '16:00:00', 'HADIR'),
	(1095, 8, '2021-01-22', '08:00:00', '16:00:00', 'HADIR'),
	(1096, 8, '2021-01-23', NULL, NULL, 'AKHIR PEKAN'),
	(1097, 8, '2021-01-24', NULL, NULL, 'AKHIR PEKAN'),
	(1098, 8, '2021-01-25', '08:00:00', '16:00:00', 'HADIR'),
	(1099, 8, '2021-01-26', NULL, NULL, 'SAKIT'),
	(1100, 8, '2021-01-27', NULL, NULL, 'SAKIT'),
	(1101, 8, '2021-01-28', '08:00:00', '16:00:00', 'HADIR'),
	(1102, 8, '2021-01-29', '08:00:00', '16:00:00', 'HADIR'),
	(1103, 8, '2021-01-30', NULL, NULL, 'AKHIR PEKAN'),
	(1104, 8, '2021-01-31', NULL, NULL, 'AKHIR PEKAN');
/*!40000 ALTER TABLE `presensi` ENABLE KEYS */;

/*!40101 SET SQL_MODE=IFNULL(@OLD_SQL_MODE, '') */;
/*!40014 SET FOREIGN_KEY_CHECKS=IFNULL(@OLD_FOREIGN_KEY_CHECKS, 1) */;
/*!40101 SET CHARACTER_SET_CLIENT=@OLD_CHARACTER_SET_CLIENT */;
/*!40111 SET SQL_NOTES=IFNULL(@OLD_SQL_NOTES, 1) */;
